Time,Time Code,Country Name,Country Code,Access to electricity (% of population) [EG.ELC.ACCS.ZS],"Agriculture, value added (% of GDP) [NV.AGR.TOTL.ZS]",Age dependency ratio (% of working-age population) [SP.POP.DPND],Consumer price index (2010 = 100) [FP.CPI.TOTL],"Contributing family workers, female (% of female employment) (modeled ILO estimate) [SL.FAM.WORK.FE.ZS]","Contributing family workers, male (% of male employment) (modeled ILO estimate) [SL.FAM.WORK.MA.ZS]",CPIA gender equality rating (1=low to 6=high) [IQ.CPA.GNDR.XQ],CPIA social protection rating (1=low to 6=high) [IQ.CPA.PROT.XQ],Electric power consumption (kWh per capita) [EG.USE.ELEC.KH.PC],Fixed broadband Internet subscribers (per 100 people) [IT.NET.BBND.P2],GDP per capita (constant 2005 US$) [NY.GDP.PCAP.KD],GINI index (World Bank estimate) [SI.POV.GINI],"Government expenditure on education, total (% of GDP) [SE.XPD.TOTL.GD.ZS]"
2016,YR2016,Afghanistan,AFG,84.1371383666992,20.9658976104561,86.5709321507136,137.904563672559,58.0439987182617,19.7749996185303,1.5,2.5,..,0.0253952904937299,617.889972323552,..,..
2016,YR2016,Albania,ALB,100,19.9067237914091,44.0015401014685,112.834428489197,40.3009986877441,22.5219993591309,..,..,..,9.10277930034295,4683.80021257139,..,..
2016,YR2016,Algeria,DZA,99.439567565918,12.295779686707,53.9078874261101,134.844870195013,1.64600002765656,1.20799994468689,..,..,..,7.04221873133591,4827.72425138732,..,..
2016,YR2016,American Samoa,ASM,..,..,..,..,..,..,..,..,..,..,9614.47267179797,..,..
2016,YR2016,Andorra,AND,100,0.492101388264151,..,..,..,..,..,..,..,42.0413814521034,42958.558392534,..,3.27811002731323
2016,YR2016,Angola,AGO,40.5206069946289,..,97.2742116775173,213.197420100571,11.6879997253418,9.02000045776367,..,..,..,0.427352310966578,3576.18689373314,..,..
2016,YR2016,Antigua and Barbuda,ATG,97.3546676635742,1.64237654071171,44.8183369909778,109.779789209262,..,..,..,..,..,9.17266721472222,13315.5086311154,..,..
2016,YR2016,Arab World,ARB,88.7686540243445,5.69085732609603,62.0574752897263,..,19.0641250414773,4.5390830570453,2.7,2.8,..,5.01292382636175,6449.36504919855,..,..
2016,YR2016,Argentina,ARG,100,6.35390413957503,56.5422464275751,..,1.23199999332428,0.481000006198883,..,..,..,16.4936759121344,10206.2495504416,42.4,..
2016,YR2016,Armenia,ARM,100,16.39047353385,44.8949433189816,123.014933984404,9.47399997711182,3.99399995803833,..,..,..,10.2286776330545,3932.55461733401,32.5,2.75129008293152
2016,YR2016,Aruba,ABW,95.5701446533203,..,44.6079986756246,102.485244679054,..,..,..,..,..,..,..,..,..
2016,YR2016,Australia,AUS,100,2.4305798250667,51.8630483195639,113.475546305931,0.268999993801117,0.194000005722046,..,..,..,30.5647287506744,55731.4955736202,..,..
2016,YR2016,Austria,AUT,100,1.10158899771897,49.5298368459148,111.675470271742,1.65199995040894,1.39800000190735,..,..,..,28.9630431661026,48077.8783610298,..,..
2016,YR2016,Azerbaijan,AZE,100,5.6,40.8816025988089,132.387827722937,41.3400001525879,26.007999420166,..,..,..,18.5459359103442,5861.51196206606,..,..
2016,YR2016,"Bahamas, The",BHS,100,0.880156772645876,41.1263937436197,109.223338388445,0.19200000166893,0.196999996900558,..,..,..,21.4090360706691,26439.0536351685,..,..
2016,YR2016,Bahrain,BHR,100,0.333018732924105,29.2565420904034,113.613382899628,0.486000001430511,0.307000011205673,..,..,..,16.2934833784858,22291.4042492524,..,2.6645200252533
2016,YR2016,Bangladesh,BGD,75.92,14.0455478408371,51.4654234704502,152.324266432058,37.7369995117188,4.66099977493286,3.5,3.5,..,4.04561699194534,1029.57797933458,32.4,2.50031995773315
2016,YR2016,Barbados,BRB,100,1.37998034907983,50.9632650899171,118.712836656173,0.133000001311302,0.104999996721745,..,..,..,32.4355429549888,16273.4065921271,..,5.09272003173828
2016,YR2016,Belarus,BLR,100,6.89528062433517,44.966823973522,..,0.0469999983906746,0.061999998986721,..,..,..,32.3577574867284,6229.20674452567,27,4.97945976257324
2016,YR2016,Belgium,BEL,100,0.61749191345839,54.7983939052332,110.773882150291,1.20299994945526,0.467000007629395,..,..,..,37.5961129664717,45457.8993419591,..,..
2016,YR2016,Belize,BLZ,92.2143173217773,10.5937804154479,55.6604734029015,104.475184103221,4.81300020217896,3.54200005531311,..,..,..,5.99530186344882,4367.49987563697,..,..
2016,YR2016,Benin,BEN,41.4026145935059,23.2404164298103,85.5341905465139,108.879901044885,19.2639999389648,11.4180002212524,3.5,3,..,0.204970467145032,837.199037667056,..,..
2016,YR2016,Bermuda,BMU,100,..,..,..,..,..,..,..,..,36.9685077676515,..,..,..
2016,YR2016,Bhutan,BTN,100,16.5224756460112,46.4630145386249,152.545396982805,48.2220001220703,23.9459991455078,4,3,..,2.06689940019931,2801.27524003561,..,..
2016,YR2016,Bolivia,BOL,93.0391311645508,11.1718754576911,62.8959710638084,138.496315671054,5.66699981689453,4.42000007629395,..,..,..,2.6413677150432,2457.62596155017,44.6,..
2016,YR2016,Bosnia and Herzegovina,BIH,100,6.37022564342162,43.5833619126941,102.551366923045,8.67399978637695,1.83899998664856,..,..,..,18.8371526972125,5382.62414642085,..,..
2016,YR2016,Botswana,BWA,60.6883964538574,2.0494299453247,54.9102244080015,136.623156350634,3.46000003814697,3.03200006484985,..,..,..,2.62445228551367,7485.04391177323,..,..
2016,YR2016,Brazil,BRA,100,4.89138608590072,43.6443157926871,150.482602233368,3.52600002288818,1.40100002288818,..,..,..,12.8852472129388,10868.6534435351,..,..
2016,YR2016,British Virgin Islands,VGB,..,..,..,..,..,..,..,..,..,20.2961416783536,..,..,..
2016,YR2016,Brunei Darussalam,BRN,100,1.20365490995634,38.3314429164937,99.2754845571304,0.980000019073486,0.375,..,..,..,8.53410712766661,31430.9626624001,..,4.42540979385376
2016,YR2016,Bulgaria,BGR,100,4.05482211284618,52.8289936362545,105.755782341187,0.830999970436096,0.433999985456467,..,..,..,23.8041285598782,7967.70816911051,..,..
2016,YR2016,Burkina Faso,BFA,19.1647129058838,29.0131868931726,91.561139777724,107.733167082294,56.3540000915527,33.0480003356934,3.5,3,..,0.0743037555762006,663.961762877322,..,..
2016,YR2016,Burundi,BDI,7.58847713470459,36.3588033381934,90.1197882258195,162.583720148134,11.5229997634888,3.36899995803833,4,3,..,0.0374853301231828,218.28352838019,..,..
2016,YR2016,Cabo Verde,CPV,92.6115875244141,8.46161277257287,54.0767985287945,107.094625376283,15.8190002441406,4.43699979782104,4,4,..,2.88030988212618,3447.56007669879,..,5.43770980834961
2016,YR2016,Cambodia,KHM,49.7706565856934,24.7426644196582,55.3992529338044,121.071456725754,26.7590007781982,11.0410003662109,4,2.5,..,0.613524489020369,1079.1135407797,..,..
2016,YR2016,Cameroon,CMR,60.0747680664063,15.3299293378697,85.4205882355268,113.854180430793,1.85399997234344,0.941999971866608,3,3,..,0.196141598585173,1495.44336202907,..,..
2016,YR2016,Canada,CAN,100,..,48.2439168641162,110.224670864339,0.168999999761581,0.116999998688698,..,..,..,36.8903021899639,50407.3413301242,..,..
2016,YR2016,Cayman Islands,CYM,100,..,..,102.941899128965,..,..,..,..,..,40.3768616802436,..,..,..
2016,YR2016,Central African Republic,CAF,13.9851121902466,40.4735416380485,89.2512487699714,..,2.71199989318848,2.75200009346008,2.5,2,..,..,325.720465732059,..,..
2016,YR2016,Chad,TCD,8.83089828491211,49.4528502215433,99.42601630728,..,50.7389984130859,12.6219997406006,2.5,3,..,0.0724439982638349,874.767072140967,..,..
2016,YR2016,Channel Islands,CHI,100,..,47.6339590137458,..,0.897000014781952,0.505999982357025,..,..,..,..,..,..,..
2016,YR2016,Chile,CHL,100,4.02577334337026,45.5537828614934,122.669877441064,4.36100006103516,2.59800004959106,..,..,..,16.2178665323935,14958.5622484938,..,..
2016,YR2016,China,CHN,100,8.56294266093139,38.549146051708,117.220567045682,13.3299999237061,3.83699989318848,..,..,..,22.9851739297553,6894.46452231334,..,..
2016,YR2016,Colombia,COL,99.0044555664063,6.67148294662814,45.3930293588412,126.423329656099,5.73299980163574,2.05900001525879,..,..,..,12.1532425090208,7531.98257835885,50.8,4.48296022415161
2016,YR2016,Comoros,COM,77.8442153930664,..,75.1352695926283,..,19.1429996490479,9.63599967956543,3,2.5,..,0.205379329588575,768.438960248231,..,..
2016,YR2016,"Congo, Dem. Rep.",COD,17.1473789215088,18.5997536402627,97.4964905285973,133.850926577035,21.1590003967285,8.9370002746582,2.5,2.5,..,0.00127006459154793,407.563714233201,..,..
2016,YR2016,"Congo, Rep.",COG,56.5661697387695,8.72903676484043,84.3862288965541,..,4.42600011825562,4.59499979019165,3,2.5,..,..,2771.39734452277,..,..
2016,YR2016,Costa Rica,CRI,100,5.19176920700999,45.2005220586521,121.486651034497,0.19200000166893,0.142000004649162,..,..,..,13.1573182818182,9583.86088930956,48.7,7.06338977813721
2016,YR2016,Cote d'Ivoire,CIV,64.3,20.9363478968684,83.4428128468934,111.685945921178,21.8700008392334,8.96199989318848,3,3,..,0.575542142931869,1552.86101319083,..,..
2016,YR2016,Croatia,HRV,100,3.42615686442861,51.5350073147446,106.107535062517,2.03699994087219,0.903999984264374,..,..,..,24.7740173001224,14635.880009797,..,..
2016,YR2016,Cuba,CUB,100,..,43.8170658089428,..,0.0299999993294477,0.101999998092651,..,..,..,0.125723445714711,..,..,..
2016,YR2016,Curacao,CUW,100,..,53.2107626760834,..,..,..,..,..,..,26.8009863776973,..,..,..
2016,YR2016,Cyprus,CYP,100,1.80963933454452,42.8476381384424,100.011463554385,1.34800004959106,1.19500005245209,..,..,..,32.7704165686044,28448.8223566393,..,..
2016,YR2016,Czech Republic,CZE,100,2.20621632266553,50.9527539583137,108.215373588963,0.941999971866608,0.216999992728233,..,..,..,28.9321019132411,21894.1126524738,..,..
2016,YR2016,Denmark,DNK,100,0.800789172308106,56.3115025198636,107.401124899563,0.874000012874603,0.705999970436096,..,..,..,42.5701040114708,60670.2372143145,..,..
2016,YR2016,Djibouti,DJI,51.7826919555664,1.94253115480255,55.5934403059253,115.55924715987,22.2880001068115,5.67199993133545,3,3,..,2.57605326354909,..,..,..
2016,YR2016,Dominica,DMA,100,16.0753580127578,..,102.699487400053,..,..,3,3,..,21.0584284024312,6880.62579537622,..,..
2016,YR2016,Dominican Republic,DOM,100,5.78451660200436,57.3458489447248,124.55441302485,1.76699995994568,0.773000001907349,..,..,..,7.2060105226969,6917.60494356192,45.3,..
2016,YR2016,East Asia & Pacific,EAS,96.9142412144666,5.0706097533468,43.122700348759,..,15.6572247295073,4.89944515585441,3.25,2.64285714285714,..,18.6972368460456,9547.66936367085,..,..
2016,YR2016,East Asia & Pacific (excluding high income),EAP,96.5807321938037,9.28490829232105,41.8979750415403,..,16.916570052976,5.35672808947461,3.25,2.64285714285714,..,17.0663643461265,5800.72556103117,..,..
2016,YR2016,Ecuador,ECU,99.9368133544922,9.54487869122643,55.2968223188994,123.586163609492,19.5359992980957,6.54300022125244,..,..,..,8.9191939880872,5191.09956048467,45,..
2016,YR2016,"Egypt, Arab Rep.",EGY,100,11.7693159703255,62.7638651414155,178.457025055503,23.507999420166,4.38600015640259,..,..,..,4.67052524216527,2725.67573301412,..,..
2016,YR2016,El Salvador,SLV,98.618896484375,5.94694743515634,55.9675760052606,108.843974500215,8.88300037384033,5.82200002670288,..,..,..,6.23048574862697,3402.60086125708,40,3.45323991775513
2016,YR2016,Equatorial Guinea,GNQ,67.889289855957,2.37337940987505,67.2758396384676,120.292471529847,13.8610000610352,5.27799987792969,..,..,..,0.276874964183088,12317.714226203,..,..
2016,YR2016,Eritrea,ERI,46.6804618835449,..,..,..,14.8909997940063,5.25899982452393,2.5,2,..,0.0121098484351553,..,..,..
2016,YR2016,Estonia,EST,100,2.20465846985322,54.6705379655697,111.640312440465,0.0710000023245811,0.146999999880791,..,..,..,30.0802625944613,18094.587299874,..,..
2016,YR2016,Eswatini,SWZ,65.7902069091797,9.45804814014954,68.160300287592,146.041620206144,1.01999998092651,0.474999994039536,..,..,..,0.521183115453973,3906.26187791264,..,..
2016,YR2016,Ethiopia,ETH,42.9,34.8449101621578,80.5242358915546,226.758762314343,72.8310012817383,42.0779991149902,3,3.5,..,0.545881400029741,511.187426515801,..,..
2016,YR2016,Euro area,EMU,100,1.45108179663026,54.6155982238025,107.4593532,0.958310725469668,0.531961780261281,..,..,..,34.9529558486695,39259.4231870821,..,..
2016,YR2016,Europe & Central Asia,ECS,99.9999740023915,1.91724643235868,50.9630023391022,..,3.54025668745871,1.59294369102365,4.1,3.4,..,25.8176700206763,25139.2526508652,..,..
2016,YR2016,Europe & Central Asia (excluding high income),ECA,99.9999426436103,5.53850637939789,47.4714749878432,..,6.65023536918528,2.7981231236627,4.1,3.4,..,15.6564996279256,8977.83981005957,..,..
2016,YR2016,European Union,EUU,100,1.39025173126988,53.7197911344449,..,1.5120211747245,0.744075292609297,..,..,..,33.3615973579471,35809.9547486789,..,..
2016,YR2016,Faroe Islands,FRO,100,..,..,..,..,..,..,..,..,36.592218580125,..,..,..
2016,YR2016,Fiji,FJI,98.6460494995117,11.1345293817067,52.9679277267559,120.853625687891,23.1609992980957,9.07699966430664,..,..,..,1.37211268859317,4195.96809601537,..,..
2016,YR2016,Finland,FIN,100,2.31307902286199,59.1234993772953,109.177564613377,0.479000002145767,0.587999999523163,..,..,..,31.1095572484905,45983.3133332131,..,..
2016,YR2016,France,FRA,100,1.45039325701527,60.0524272863093,105.772580900597,0.662000000476837,0.17399999499321,..,..,..,42.7436728502122,41968.9815739992,..,..
2016,YR2016,French Polynesia,PYF,100,..,45.1787222357507,..,0.33500000834465,0.30799999833107,..,..,..,19.7863729800719,..,..,..
2016,YR2016,Gabon,GAB,91.3955001831055,4.97196351647294,67.624203487299,111.300831725277,1.05799996852875,0.458999991416931,..,..,..,0.758566835001359,9552.7835336818,..,..
2016,YR2016,"Gambia, The",GMB,47.7570877075195,16.9861781690808,91.7955574205604,140.127145838956,17.6429996490479,12.0290002822876,3.5,2.5,..,0.183958702988127,531.919405879094,..,..
2016,YR2016,Georgia,GEO,100,7.72741729346126,50.7798447242865,117.112733333333,33.5270004272461,14.7469997406006,..,..,..,17.6068966132157,4083.99815844957,36.5,3.78477001190186
2016,YR2016,Germany,DEU,100,0.553171864315135,52.3439752792884,107.417284773731,0.563000023365021,0.241999998688698,..,..,..,39.0650407536271,45923.0075696152,..,..
2016,YR2016,Ghana,GHA,79.3,17.6664037665972,72.6081814631455,206.685516654195,30.3409996032715,16.2280006408691,4,4,..,0.307004768507712,1708.77991775341,..,..
2016,YR2016,Gibraltar,GIB,100,..,..,..,..,..,..,..,..,47.674959311788,..,..,..
2016,YR2016,Greece,GRC,100,3.45722901760207,52.7588671544303,99.9393182539128,5.78000020980835,2.5699999332428,..,..,..,32.324041490324,22687.6003260908,..,..
2016,YR2016,Greenland,GRL,100,18.6557454447635,..,..,..,..,..,..,..,..,50255.1169982346,..,..
2016,YR2016,Grenada,GRD,92.344367980957,6.238367502549,50.592874282587,105.609913099453,..,..,3.5,3.5,..,19.4013995918634,8676.33919559901,..,10.2931299209595
2016,YR2016,Guam,GUM,100,..,52.2534816337975,..,2.18400001525879,1.49000000953674,..,..,..,..,32013.7693770213,..,..
2016,YR2016,Guatemala,GTM,91.7792282104492,10.0094301495352,67.3687672995992,127.211970413648,11.4379997253418,6.82399988174438,..,..,..,3.05141532301372,3100.98132478359,..,2.82871007919312
2016,YR2016,Guinea,GIN,33.5,17.8275330755889,83.681605928821,200.808100710447,42.6189994812012,24.6110000610352,3,3,..,0.00887388467370403,779.911076147514,..,..
2016,YR2016,Guinea-Bissau,GNB,14.6557903289795,46.3483590103277,80.3438226933307,110.150880134116,1.66299998760223,2.0460000038147,2,2.5,..,0.0397092468020563,585.16830694295,..,..
2016,YR2016,Guyana,GUY,84.2429046630859,13.2589164170977,52.8789487314833,110.27395023836,4.87400007247925,3.37199997901917,3,3,..,7.3972298051346,3783.54332759748,..,..
2016,YR2016,Haiti,HTI,38.6901664733887,17.5279402633351,61.4206784727666,158.26448337018,4.17999982833862,3.17400002479553,2.5,2,..,0.0124270166291551,729.360457810966,..,..
2016,YR2016,Heavily indebted poor countries (HIPC),HPC,38.5314120525148,23.7498588976958,87.1891365086707,..,37.0610361353395,18.1862924877752,3.09459459459459,2.93243243243243,..,0.555567404575226,856.323438139461,..,..
2016,YR2016,High income,HIC,99.9767391408547,1.31180413977522,52.1653687327348,..,1.62532381487042,0.514437497829595,..,..,..,31.4501878925362,40858.4213458207,..,..
2016,YR2016,Honduras,HND,87.5766296386719,12.0972168744978,58.2928201094743,132.827518353137,10.5570001602173,7.44299983978271,3.5,3,..,2.41840465794135,2144.86936715697,50,..
2016,YR2016,"Hong Kong SAR, China",HKG,100,0.076201151769569,36.9448015349406,125.9168704,0.58899998664856,0.116999998688698,..,..,..,35.9589820019409,36816.1498608515,..,3.29243993759155
2016,YR2016,Hungary,HUN,100,3.71871852089422,47.8553937262093,111.824115424253,0.395999997854233,0.239999994635582,..,..,..,28.857202002075,14997.2005200975,..,..
2016,YR2016,Iceland,ISL,100,5.11394439629173,52.0741150442478,119.847152693711,0.00499999988824129,0.0590000003576279,..,..,..,38.5061689034331,48995.1685496011,..,..
2016,YR2016,India,IND,84.5268173217773,16.2845948141203,51.5228471113059,154.975111653744,26.7749996185303,8.84700012207031,..,..,..,1.40867810979696,1862.43044438379,..,..
2016,YR2016,Indonesia,IDN,97.62,13.471110915125,48.9295745802177,136.965666608222,26.0429992675781,6.07499980926514,..,..,..,2.0019469854745,3974.73166690467,..,..
2016,YR2016,"Iran, Islamic Rep.",IRN,100,9.63736554520251,40.624633011902,307.489904828774,19.7730007171631,2.33999991416931,..,..,..,9.12436806022236,6733.91249997748,..,3.36576008796692
2016,YR2016,Iraq,IRQ,100,5.1,77.4702835344961,119.162133246087,29.5100002288818,9.77700042724609,..,..,..,..,5750.61136059944,..,..
2016,YR2016,Ireland,IRL,100,0.924812867718969,54.5165857204269,104.722971209881,0.843999981880188,0.662999987602234,..,..,..,28.7806295198683,69892.3156470839,..,..
2016,YR2016,Isle of Man,IMN,100,..,..,..,..,..,..,..,..,..,..,..,..
2016,YR2016,Israel,ISR,100,1.16816335386486,64.9499022093752,106.138819613945,0.137999996542931,0.0640000030398369,..,..,..,27.5640552999892,33677.4619451632,..,..
2016,YR2016,Italy,ITA,100,1.89270567009178,57.0290127929924,107.397634171255,1.77900004386902,1.07700002193451,..,..,..,26.1876076666949,34318.4968180439,..,..
2016,YR2016,Jamaica,JAM,98.2042694091797,6.6277156744381,48.0806618970799,144.427040330398,1.57799994945526,0.690999984741211,..,..,..,9.92824556502062,4790.03910652627,..,5.31865978240967
2016,YR2016,Japan,JPN,100,1.1503293367689,65.290106306176,103.47923681257,4.42199993133545,0.837999999523163,..,..,..,31.1593341207815,47660.8930390239,..,..
2016,YR2016,Jordan,JOR,100,3.78691866152101,65.4708800326749,115.497679108644,0.256999999284744,0.35699999332428,..,..,..,4.8288870684898,3258.49324014107,..,3.89620995521545
2016,YR2016,Kazakhstan,KAZ,100,4.55600427070659,52.0748140136072,157.556866561297,0.137999996542931,0.149000003933907,..,..,..,13.0639008711269,10582.700871765,..,2.97810006141663
2016,YR2016,Kenya,KEN,56,32.1353259834783,77.045331711067,159.647316938312,48.3489990234375,23.7779998779297,3.5,3.5,..,0.315697591866974,1143.36440424737,..,..
2016,YR2016,Kiribati,KIR,84.9362716674805,..,62.9117475327191,..,..,..,2.5,3.5,..,0.0576948293194633,1685.99266872928,..,..
2016,YR2016,"Korea, Dem. People’s Rep.",PRK,39.2442245483398,..,43.920399576986,..,57.6529998779297,19.7089996337891,..,..,..,..,..,..,..
2016,YR2016,"Korea, Rep.",KOR,100,1.92759592297656,37.1496082598761,110.894505383873,8.45800018310547,0.938000023365021,..,..,..,40.470380731234,25484.0375903163,..,..
2016,YR2016,Kosovo,XKX,100,10.4599064373723,..,..,..,..,3.5,3.5,..,..,3925.37814754352,26.5,..
2016,YR2016,Kuwait,KWT,100,0.567649358633821,30.1628535602697,121.909951247491,0.0309999994933605,0.025000000372529,..,..,..,2.50186054132376,35250.9145753869,..,..
2016,YR2016,Kyrgyz Republic,KGZ,99.9961013793945,12.8344731564928,55.9367142406809,146.927199725867,15.4820003509521,5.2039999961853,4.5,3.5,..,4.04438814762379,1043.9511123578,26.8,..
2016,YR2016,Lao PDR,LAO,87.0957717895508,17.2303101257028,59.2973979876967,127.812862504081,45.7529983520508,18.9230003356934,4,2.5,..,0.36141941683129,1642.73009632529,..,..
2016,YR2016,Latin America & Caribbean,LCN,97.7975942060493,4.99710306040801,49.6339384863196,..,6.34276581695673,2.79847098541623,3.3125,3.125,..,11.1960114743681,9291.03313216823,..,..
2016,YR2016,Latin America & Caribbean (excluding high income),LAC,97.5527169834802,5.00915942786608,49.1700006738138,..,6.85491141305609,3.0006195190274,3.3125,3.125,..,10.4366714148813,8830.61252356643,..,..
2016,YR2016,Latvia,LVA,100,3.424962359006,53.2953759594955,107.69611443606,0.672999978065491,1.04100000858307,..,..,..,26.3459069387424,14733.8394398232,..,..
2016,YR2016,Least developed countries: UN classification,LDC,44.7777367015947,23.2594624887343,78.8105943549292,..,39.8068896759353,15.7346006338651,3.1,2.83333333333333,..,1.10221757390936,892.547072034896,..,..
2016,YR2016,Lebanon,LBN,100,3.45490704842328,46.8154896336229,114.069943209824,5.08300018310547,3.21600008010864,..,..,..,21.6426145077437,7143.95909540687,..,..
2016,YR2016,Lesotho,LSO,29.7333087921143,5.19813048169117,66.6879203463518,135.474785372235,6.9229998588562,5.2039999961853,4,3,..,0.101187891394083,1352.47670903277,..,..
2016,YR2016,Liberia,LBR,19.8,34.1980009519277,82.3187135565921,160.629437395093,18.9230003356934,11.7729997634888,3,2.5,..,0.173392000516708,352.646078449267,..,..
2016,YR2016,Libya,LBY,98.5367279052735,..,48.7644630570495,..,22.1569995880127,7.57299995422363,..,..,..,2.68414443214026,5848.93736052847,..,..
2016,YR2016,Liechtenstein,LIE,100,..,..,..,..,..,..,..,..,42.30605851431,..,..,..
2016,YR2016,Lithuania,LTU,100,2.98696932061041,50.4561317738493,108.599484766581,1.10599994659424,0.749000012874603,..,..,..,29.4940701432374,15945.5234844081,..,..
2016,YR2016,Low & middle income,LMY,84.9010756274607,9.04629849380568,54.6094487994397,..,20.2597634721293,7.50454373622872,3.23972602739726,2.97260273972603,..,8.57417936817357,4338.63012052838,..,..
2016,YR2016,Low income,LIC,38.8337191295817,26.3114101047987,85.3141289683109,..,41.9929843877472,19.3627285870784,3.04838709677419,2.87096774193548,..,0.709641280712107,698.218824627266,..,..
2016,YR2016,Lower middle income,LMC,83.4152483532965,15.5861673831413,57.1568512110005,..,25.2190956988085,8.6858467208658,3.40625,3.046875,..,2.17255128503595,2108.04777482091,..,..
2016,YR2016,Luxembourg,LUX,100,0.242412113157273,44.0192713604521,109.5176995177,1.10699999332428,0.616999983787537,..,..,..,35.2759111206832,108600.934880422,..,..
2016,YR2016,"Macao SAR, China",MAC,100,..,28.1703027511411,134.447205,0.691999971866608,0.123999997973442,..,..,..,29.0703353823385,52144.0288870665,..,..
2016,YR2016,"Macedonia, FYR",MKD,100,9.11149293432251,42.1506265005106,109.437727648966,2.78200006484985,1.57200002670288,..,..,..,18.3322073836035,5249.22382597843,..,..
2016,YR2016,Madagascar,MDG,22.9,21.3442558589215,79.1194345609394,148.835901607482,61.8699989318848,25.4020004272461,4,3,..,0.105987049133764,416.002717256506,..,..
2016,YR2016,Malawi,MWI,11,25.9270434125021,89.6538222768176,305.031174499811,8.71300029754639,5.79099988937378,3.5,3.5,..,0.0480444626849791,481.451936704379,..,4.74856996536255
2016,YR2016,Malaysia,MYS,100,8.65533443891653,44.2955285376256,115.147475420763,7.67500019073486,2.34699988365173,..,..,..,8.71766087856694,11031.8215581749,..,4.82753992080688
2016,YR2016,Maldives,MDV,100,5.88088087532748,37.9991612091493,132.706370144272,8.32499980926514,3.02999997138977,3.5,3.5,..,6.85180336453492,8416.94474783169,..,4.25007009506226
2016,YR2016,Mali,MLI,35.0694999694824,38.3532599608657,101.460052835742,108.322933479343,43.3699989318848,28.8859996795654,2.5,3,..,0.119167514548756,745.870724513615,..,..
2016,YR2016,Malta,MLT,100,1.16170721900223,50.0299825376429,108.850869509083,0.101999998092651,0.00999999977648258,..,..,..,39.8877869955888,26064.1713762244,..,..
2016,YR2016,Marshall Islands,MHL,93.1380462646484,15.9227825208592,..,..,..,..,3,2,..,1.88444578449478,3373.94553773079,..,..
2016,YR2016,Mauritania,MRT,41.6521072387695,23.9901727983635,76.1267189789361,125.232167135102,9.62199974060059,4.62099981307983,3.5,3,..,0.247406544218136,1296.00740028339,..,2.63106989860535
2016,YR2016,Mauritius,MUS,98.7817840576172,3.187929111129,41.5419722645743,120.923338185347,4.36700010299683,0.870999991893768,..,..,..,16.8445138860278,9822.00813402345,..,5.01359987258911
2016,YR2016,Mexico,MEX,100,3.35317642734475,50.9125499224668,122.780093375275,7.23000001907349,3.46600008010864,..,..,..,12.5717483311154,9871.670108626,43.4,..
2016,YR2016,"Micronesia, Fed. Sts.",FSM,75.435173034668,27.0794527005209,61.6330114135206,..,..,..,2.5,2,..,3.01990718240468,2823.43352650754,..,..
2016,YR2016,Middle East & North Africa,MEA,98.0317126784446,5.38441212431311,55.1611432453993,..,17.9865796662133,3.85366736134788,2.25,3,..,7.04717611085775,7732.76174947725,..,..
2016,YR2016,Middle East & North Africa (excluding high income),MNA,97.6998070669466,9.795367070215,58.0617687231523,..,23.2713623789764,4.96808877269473,2.25,3,..,6.01609941347913,4225.51373013126,..,..
2016,YR2016,Middle income,MIC,90.8531926510084,8.77067442061792,50.6131078478983,..,17.1290629001857,6.27180274407849,3.38095238095238,3.04761904761905,..,9.54787370027315,4811.02913324926,..,..
2016,YR2016,Moldova,MDA,100,12.1097993308567,35.2138915800473,144.357852642313,2.09100008010864,1.80200004577637,4.5,3.5,..,13.7304636309713,2070.63437234331,26.3,6.70692014694214
2016,YR2016,Monaco,MCO,100,..,..,..,..,..,..,..,..,48.3493077742279,..,..,1.37101995944977
2016,YR2016,Mongolia,MNG,81.775032043457,11.6817537548278,49.8154893898358,165.508937484249,4.61700010299683,1.4210000038147,4,3.5,..,7.47001220189747,3906.11587467046,32.3,5.18211984634399
2016,YR2016,Montenegro,MNE,100,7.47233204879655,48.286478165762,110.724535958828,3.21399998664856,1.79200005531311,..,..,..,18.2700062836553,7492.86340571049,..,..
2016,YR2016,Morocco,MAR,100,12.0248711026956,51.8100696771866,107.954807470602,47.7280006408691,12.5509996414185,..,..,..,3.55879359304445,3204.86465254499,..,..
2016,YR2016,Mozambique,MOZ,24.1983394622803,22.54724319803,92.9173229521451,148.292955561846,54.5139999389648,10.6440000534058,3.5,3,..,0.161636652709193,514.961539189252,..,..
2016,YR2016,Myanmar,MMR,57.0093841552734,25.4638822877583,48.9964874617104,138.282678659582,33.8629989624023,13.9060001373291,3,2.5,..,0.169586124275206,1408.14066001777,..,..
2016,YR2016,Namibia,NAM,51.7824249267578,6.09913974187168,67.8023735956767,137.577225659317,5.08799982070923,2.77600002288818,..,..,..,2.59477608900707,6028.99599945761,..,..
2016,YR2016,Nauru,NRU,99.2028045654297,..,..,..,..,..,..,..,..,..,9650.56845284763,..,..
2016,YR2016,Nepal,NPL,90.7,29.1698518537893,59.5400829804346,165.784440634692,60.9720001220703,21.5009994506836,4,3,..,0.773507819524917,685.118550346198,..,..
2016,YR2016,Netherlands,NLD,100,1.64280194295522,53.7508882493604,109.528965398018,0.717999994754791,0.231000006198883,..,..,..,42.2844555324468,52267.7317557741,..,..
2016,YR2016,New Caledonia,NCL,100,..,48.2356977074523,..,0.273000001907349,0.180000007152557,..,..,..,..,..,..,..
2016,YR2016,New Zealand,NZL,100,..,53.4221681451946,108.640866961892,1.0349999666214,0.796000003814697,..,..,..,32.8374777641679,37528.4583347383,..,..
2016,YR2016,Nicaragua,NIC,81.7967987060547,14.927132509777,53.2675529539365,141.700061784993,8.48200035095215,8.79800033569336,4,3.5,..,2.87847272358311,1944.00097877287,..,..
2016,YR2016,Niger,NER,16.2172336578369,39.0221067779228,111.778738663356,106.035999013726,32.1399993896484,27.6219997406006,2.5,3,..,0.0372805342546774,392.148936453948,..,..
2016,YR2016,Nigeria,NGA,59.3,20.9831097070839,88.0919379476831,183.853081818277,9.87199974060059,8.33199977874756,3,4,..,0.0580306515997343,2455.91855879469,..,..
2016,YR2016,North America,NAC,100,1.01445991363515,51.3086852738488,..,0.092486044611085,0.0587575857531499,..,..,..,33.3966075293782,52132.2398632548,..,..
2016,YR2016,Northern Mariana Islands,MNP,100,..,..,..,..,..,..,..,..,..,19115.3764753192,..,..
2016,YR2016,Norway,NOR,100,2.13340767755994,52.4838216809139,112.442312912859,0.194999992847443,0.175999999046326,..,..,..,40.1430987227801,90316.9723439327,..,..
2016,YR2016,OECD members,OED,..,..,53.0119428644348,..,..,..,..,..,..,29.9949845537341,38311.3833305751,..,..
2016,YR2016,Oman,OMN,100,1.96933136140733,32.2058135442207,110.62033765214,0.822000026702881,0.582000017166138,..,..,..,6.4330465683804,16962.3487787348,..,6.15851020812988
2016,YR2016,Pakistan,PAK,99.1474380493164,23.2151987886214,64.9711695440283,150.753452821518,54.6870002746582,14.9879999160767,2.5,3.5,..,0.850297848678458,1179.41401202313,..,2.49180006980896
2016,YR2016,Palau,PLW,99.2893524169922,2.89739206963467,..,116.674698795181,..,..,..,..,..,..,10477.9820782627,..,..
2016,YR2016,Panama,PAN,93.4178009033203,2.49264640678491,54.7184276714605,120.521385690927,7.25299978256226,3.32599997520447,..,..,..,10.6573702957201,11102.556965498,50.4,..
2016,YR2016,Papua New Guinea,PNG,22.9321537017822,..,66.662392738665,136.339019767127,40.7140007019043,12.0939998626709,2.5,2.5,..,0.210266158614153,2398.17116565087,..,..
2016,YR2016,Paraguay,PRY,98.4,18.1224090827025,56.0448061269782,129.929863418236,9.80900001525879,6.04899978637695,..,..,..,3.71406038206726,3925.56335604809,47.9,..
2016,YR2016,Peru,PER,94.8517456054688,7.00491494318981,52.9910051965396,121.99696310584,23.0230007171631,7.23000001907349,..,..,..,6.6745538680422,6094.73824934176,43.8,3.80698990821838
2016,YR2016,Philippines,PHL,90.9816131591797,9.65516734767507,57.8588078532113,116.876642442093,12.3529996871948,5.8769998550415,..,..,..,2.8895137294614,2752.1091206242,..,..
2016,YR2016,Poland,POL,100,2.37975462664307,44.909394625885,107.407950711457,3.83400011062622,1.68799996376038,..,..,..,19.1707811840654,15067.9698510199,..,..
2016,YR2016,Portugal,PRT,100,1.89699096323224,53.8024711586442,107.692806187126,0.658999979496002,0.619000017642975,..,..,..,32.5464558260724,22444.0710843784,..,..
2016,YR2016,Puerto Rico,PRI,100,0.80002284963512,49.5187469028755,..,1.74899995326996,0.523000001907349,..,..,..,18.7160074843855,27308.9938782031,..,..
2016,YR2016,Qatar,QAT,100,0.183087804658287,17.7440534717901,115.385300033822,0.0270000007003546,0.00999999977648258,..,..,..,9.8730486838685,66410.7564675877,..,..
2016,YR2016,Romania,ROU,100,4.08571325880333,48.6544403675359,112.440756038601,13.3050003051758,4.83699989318848,..,..,..,22.4996527722126,10162.1073425047,..,..
2016,YR2016,Russian Federation,RUS,100,4.18336064776207,45.1011915239913,162.19739729671,0.409999996423721,0.41499999165535,..,..,..,19.1176988179024,11279.6253410461,..,..
2016,YR2016,Rwanda,RWA,29.37,29.3095249406781,76.5434337293355,135.417357450773,11.664999961853,5.57000017166138,4.5,4,..,0.182261257974402,738.830185687619,..,3.54689002037048
2016,YR2016,Samoa,WSM,100,9.58988702133193,73.3750944066818,109.762507807415,2.81699991226196,0.799000024795532,4,3.5,..,1.11159513132607,3782.40485346283,..,4.08104991912842
2016,YR2016,San Marino,SMR,100,..,..,109.48639324958,..,..,..,..,..,36.1413125320001,52596.224499382,..,..
2016,YR2016,Sao Tome and Principe,STP,65.4404830932617,11.8732274936627,85.5933304862878,162.341810465576,0.433999985456467,0.559000015258789,3,2.5,..,0.712820769346206,1284.68839129844,..,..
2016,YR2016,Saudi Arabia,SAU,100,2.68562239483454,40.2495097563782,122.366830613912,0.034000001847744,0.0320000015199184,..,..,..,10.1861906146258,21380.4527228189,..,..
2016,YR2016,Senegal,SEN,64.5,15.1934694908372,85.1650619907593,105.48016989023,13.701000213623,4.99100017547607,3.5,3,..,0.638174561081013,1092.25116227774,..,..
2016,YR2016,Serbia,SRB,100,6.48502600020826,50.1426907371844,134.455565665757,12.9930000305176,4.2350001335144,..,..,..,20.7781209075333,5852.38429895795,..,..
2016,YR2016,Seychelles,SYC,100,2.00964148754426,43.7112932604736,119.675667780057,..,..,..,..,..,14.8947234367704,13598.3362672239,..,..
2016,YR2016,Sierra Leone,SLE,20.3,58.2087413274041,81.6210861673656,148.69140625,5.22499990463257,6.03399991989136,3,3.5,..,..,453.663921596255,..,2.91235995292664
2016,YR2016,Singapore,SGP,100,0.029934186851017,37.9844314563033,112.617106126894,0.505999982357025,0.28999999165535,..,..,..,25.9868687254945,53353.839463373,..,..
2016,YR2016,Sint Maarten (Dutch part),SXM,100,..,..,..,..,..,..,..,..,..,..,..,..
2016,YR2016,Slovak Republic,SVK,100,3.32389916717071,42.5427250374284,108.171184655469,0.187999993562698,0.0610000006854534,..,..,..,24.5497333133978,19275.0867559485,..,..
2016,YR2016,Slovenia,SVN,100,1.8813570599483,49.997784581413,105.888844744625,3.06200003623962,1.78400003910065,..,..,..,28.3613637479294,24460.3979007776,..,..
2016,YR2016,Solomon Islands,SLB,47.9191436767578,..,74.4510379711469,125.926068821616,50.8429985046387,18.2970008850098,3,2.5,..,0.273431439443862,1502.88704383656,..,..
2016,YR2016,Somalia,SOM,29.8903179168701,..,97.049242506608,..,0.552999973297119,1.35500001907349,..,..,..,0.642548021385116,..,..,..
2016,YR2016,South Africa,ZAF,84.2,2.17817358718032,52.4085780041956,138.859306590936,0.737999975681305,0.312999993562698,..,..,..,2.05437879637292,7519.50559570727,..,5.94302988052368
2016,YR2016,South Asia,SAS,85.5691498225237,16.7060257645465,53.8015312842142,..,32.2481569805651,9.42323324816966,3.16666666666667,3.16666666666667,..,1.58888173861239,1692.05069808759,..,2.50031995773315
2016,YR2016,South Sudan,SSD,8.94762802124023,..,82.9560644445588,1592.38477480642,47.7799987792969,17.548999786377,2,1.5,..,0.00122641902813651,..,..,1.81094002723694
2016,YR2016,Spain,ESP,100,2.5113497991099,51.3887383981403,106.296094858635,0.587999999523163,0.405000001192093,..,..,..,30.4496118631965,31505.6122034216,..,..
2016,YR2016,Sri Lanka,LKA,95.5882339477539,7.47980931582722,51.474748158842,136.566580789574,19.4540004730225,2.69300007820129,..,..,..,4.28965715398982,3768.66680635955,39.8,3.49497008323669
2016,YR2016,St. Kitts and Nevis,KNA,100,0.950880431652187,..,104.928803438433,..,..,..,..,..,29.9155433136937,15657.2240568256,..,..
2016,YR2016,St. Lucia,LCA,97.7609176635742,2.0693152859432,40.5888438726594,107.910013677452,1.24000000953674,0.439999997615814,3.5,3.5,..,16.7322978400697,8369.2649573534,..,5.71023988723755
2016,YR2016,St. Martin (French part),MAF,71.9702835083008,..,..,..,..,..,..,..,..,..,..,..,..
2016,YR2016,St. Vincent and the Grenadines,VCT,100,6.9559748427673,46.2764822028924,104.915590863952,0.570999979972839,0.575999975204468,3.5,3.5,..,19.9419935609204,6651.2676559236,..,5.779709815979
2016,YR2016,Sub-Saharan Africa,SSF,42.7951221700988,16.1619076955418,85.8027272699754,..,31.6470777290285,16.0655013086917,3.17105263157895,2.97368421052632,..,0.530299981865561,1649.19335845008,..,..
2016,YR2016,Sub-Saharan Africa (excluding high income),SSA,42.7898545384094,16.1745310751245,85.8065846129344,..,31.6470777290285,16.0655013086917,3.17105263157895,2.97368421052632,..,0.528967766541336,1648.09929481047,..,..
2016,YR2016,Sudan,SDN,38.5284423828125,31.1999868593734,80.7197296447761,..,23.7849998474121,8.48799991607666,2.5,2.5,..,0.0656462086244696,1923.99532199261,..,..
2016,YR2016,Suriname,SUR,87.1763153076172,9.32908912830558,50.3628681529674,216.41906286066,2.59899997711182,1.47500002384186,..,..,..,12.7544916614133,8108.23664453198,..,..
2016,YR2016,Sweden,SWE,100,1.14851927510022,59.320481409291,104.614469083966,0.282000005245209,0.25,..,..,..,37.4053942182456,56473.022779491,..,..
2016,YR2016,Switzerland,CHE,100,0.652610994733409,49.3821398765529,97.7451025749081,2.46700000762939,1.58399999141693,..,..,..,44.9136184782698,76682.6448002236,..,..
2016,YR2016,Syrian Arab Republic,SYR,100,..,71.0656721031047,..,7.40299987792969,2.35199999809265,..,..,..,5.477966276792,..,..,..
2016,YR2016,Tajikistan,TJK,100,20.3790633932489,62.7384592913096,148.56753447088,0.34799998998642,0.61599999666214,4,3,..,0.0686895667760472,968.385602564592,..,..
2016,YR2016,Tanzania,TZA,32.8,29.2337598872917,93.0237746410775,166.198224024889,50.8339996337891,21.548999786377,3.5,4,..,3.32570415917124,867.058650655122,..,..
2016,YR2016,Thailand,THA,100,8.50476572189377,40.0667249848225,110.550946791118,25.1040000915527,12.4709997177124,..,..,..,10.4830549309465,5910.45456683358,..,..
2016,YR2016,Timor-Leste,TLS,63.3941383361816,11.3529404009894,89.6102789742547,140.856789860475,37.4620018005371,9.74100017547607,3.5,2.5,..,0.0810296759364721,2967.73146597484,..,..
2016,YR2016,Togo,TGO,46.9283752441406,41.3842607830167,80.6400699156215,111.26740929425,16.5090007781982,20.1520004272461,3,3,..,0.589729087736154,560.697654931133,..,5.05010986328125
2016,YR2016,Tonga,TON,97.02,17.211916807195,72.8025035892307,112.706165683491,19.4549999237061,16.943000793457,3,2.5,..,2.80054517279364,3792.29014891156,..,..
2016,YR2016,Trinidad and Tobago,TTO,100,0.497159568388853,43.7713161392798,137.734049199352,0.477999985218048,0.122000001370907,..,..,..,18.7242575251179,15765.9643231891,..,..
2016,YR2016,Tunisia,TUN,100,9.22099298732039,46.3805271792291,131.437625083389,4.95599985122681,2.59100008010864,..,..,..,5.61477747392673,4269.13976808591,..,..
2016,YR2016,Turkey,TUR,100,6.1837464346226,49.8492384749315,157.424794469357,26.3540000915527,4.5770001411438,..,..,..,13.205095767044,14117.4368745282,41.9,..
2016,YR2016,Turkmenistan,TKM,100,..,53.8135411364159,..,7.43400001525879,2.96700000762939,..,..,..,0.0706396277009062,6986.85594417965,..,..
2016,YR2016,Turks and Caicos Islands,TCA,95.700439453125,..,..,..,..,..,..,..,..,..,..,..,..
2016,YR2016,Tuvalu,TUV,99.426155090332,..,..,..,..,..,3,2.5,..,9.01144453455889,3533.94226148504,..,..
2016,YR2016,Uganda,UGA,26.7,23.708112435868,100.630767843244,158.015253189752,20.8819999694824,12.75,3,3.5,..,0.260940733053549,662.434401678693,42.8,..
2016,YR2016,Ukraine,UKR,100,11.6313819087254,45.75968438318,205.612244897959,0.512000024318695,0.370999991893768,..,..,..,12.2174081712797,2905.85744034369,25,..
2016,YR2016,United Arab Emirates,ARE,100,0.776054567862067,17.6081783608388,111.115725679973,0.0329999998211861,0.0219999998807907,..,..,..,13.9982665941142,41449.6814172376,..,..
2016,YR2016,United Kingdom,GBR,100,0.537102883852838,56.1748670126333,112.541930674618,0.428999990224838,0.33899998664856,..,..,..,38.2887885668414,42039.7363643926,..,..
2016,YR2016,United States,USA,100,1.01445991363515,51.6523481467354,110.06700893427,0.0829999968409538,0.0520000010728836,..,..,..,33.0023993914823,52319.1633505427,41.5,..
2016,YR2016,Upper middle income,UMC,99.3797144738404,6.77264690801012,43.1158635244311,..,11.6553166659828,3.70333064336643,3.3,3.05,..,18.0154394019318,7908.03730152683,..,..
2016,YR2016,Uruguay,URY,100,5.8919397290205,55.7091445054299,164.568533605177,1.35300004482269,0.448000013828278,..,..,..,26.7645294462321,14042.6389948363,39.7,..
2016,YR2016,Uzbekistan,UZB,100,16.1149317040938,47.7291260520074,..,8.01000022888184,4.01000022888184,4,3.5,..,8.7333542257645,1961.48217469837,..,..
2016,YR2016,Vanuatu,VUT,57.82,..,67.8222983540627,108.046400294605,9.51099967956543,9.16300010681152,3.5,2.5,..,1.65901139784469,2873.69293665534,..,..
2016,YR2016,"Venezuela, RB",VEN,99.6038360595703,..,52.2710704887865,2740.27398467095,3.9300000667572,2.43799996376038,..,..,..,8.27462363286777,..,..,..
2016,YR2016,Vietnam,VNM,100,16.3196440917105,42.8589025256001,150.500780526915,22.0580005645752,10.4180002212524,..,..,..,9.61126910497758,1735.29095437463,35.3,..
2016,YR2016,Virgin Islands (U.S.),VIR,100,..,62.0224549770176,..,1.88199996948242,0.709999978542328,..,..,..,..,..,..,..
2016,YR2016,West Bank and Gaza,PSE,100,3.15588758872908,74.9449017071054,110.7469344,23.2119998931885,6.02199983596802,..,..,..,6.69003831377637,2655.53946474033,33.7,5.72992992401123
2016,YR2016,World,WLD,87.3784431778704,3.54635203740931,54.2017372324467,..,16.4939903960879,6.3358091875457,3.23972602739726,2.97260273972603,..,12.4078207762571,10428.4832269877,..,..
2016,YR2016,"Yemen, Rep.",YEM,71.6423492431641,15.9339353518969,75.9001725764795,..,40.632999420166,8.70300006866455,1.5,3,..,1.56031277745716,432.386103944614,..,..
2016,YR2016,Zambia,ZMB,27.2193374633789,6.22847041620006,90.7796634648112,169.781989060935,54.3250007629395,17.3460006713867,3,2.5,..,0.191569241636777,1629.59030492169,..,..
2016,YR2016,Zimbabwe,ZWE,38.1451377868652,9.73528192040698,79.1953035239659,104.560626128854,9.98299980163574,6.44099998474121,4,2.5,..,1.05779672307036,917.563719684227,..,..
,,,,,,,,,,,,,,,,
,,,,,,,,,,,,,,,,
,,,,,,,,,,,,,,,,
Data from database: Jobs,,,,,,,,,,,,,,,,
Last Updated: 06/29/2022,,,,,,,,,,,,,,,,
Code,License Type,Indicator Name,Long definition,Source,Topic,Unit of measure,Periodicity,Base Period,Aggregation method,Limitations and exceptions,General comments
EG.ELC.ACCS.ZS,CC BY-4.0,Access to electricity (% of population),"Access to electricity is the percentage of population with access to electricity. Electrification data are collected from industry, national surveys and international sources.","World Bank, Sustainable Energy for All (SE4ALL) database from the SE4ALL Global Tracking Framework led jointly by the World Bank, International Energy Agency, and the Energy Sector Management Assistance Program.",Environment: Energy production & use,,Annual,,Weighted average,,
NV.AGR.TOTL.ZS,CC BY-4.0,"Agriculture, value added (% of GDP)","Agriculture corresponds to ISIC divisions 1-5 and includes forestry, hunting, and fishing, as well as cultivation of crops and livestock production. Value added is the net output of a sector after adding up all outputs and subtracting intermediate inputs. It is calculated without making deductions for depreciation of fabricated assets or depletion and degradation of natural resources. The origin of value added is determined by the International Standard Industrial Classification (ISIC), revision 3 or 4.","World Bank national accounts data, and OECD National Accounts data files.",Economic Policy & Debt: National accounts: Shares of GDP & other,,Annual,,Weighted average,"Among the difficulties faced by compilers of national accounts is the extent of unreported economic activity in the informal or secondary economy. In developing countries a large share of agricultural output is either not exchanged (because it is consumed within the household) or not exchanged for money. Agricultural production often must be estimated indirectly, using a combination of methods involving estimates of inputs, yields, and area under cultivation. This approach sometimes leads to crude approximations that can differ from the true values over time and across crops for reasons other than climate conditions or farming techniques. Similarly, agricultural inputs that cannot easily be allocated to specific outputs are frequently "netted out" using equally crude and ad hoc approximations.","Note: Data for OECD countries are based on ISIC, revision 4."
SP.POP.DPND,CC BY-4.0,Age dependency ratio (% of working-age population),Age dependency ratio is the ratio of dependents--people younger than 15 or older than 64--to the working-age population--those ages 15-64. Data are shown as the proportion of dependents per 100 working-age population.,World Bank staff estimates based on age distributions of United Nations Population Division's World Population Prospects: 2017 Revision.,Health: Population: Dynamics,,Annual,,Weighted average,"Because the five-year age group is the cohort unit and five-year period data are used in the United Nations Population Division's World Population Prospects, interpolations to obtain annual data or single age structure may not reflect actual events or age composition. For more information, see the original source.",Relevance to gender indicator: this indicator implies the dependency burden that the working-age population bears in relation to children and the elderly. Many times single or widowed women who are the sole caregiver of a household have a high dependency ratio.
FP.CPI.TOTL,CC BY-4.0,Consumer price index (2010 = 100),"Consumer price index reflects changes in the cost to the average consumer of acquiring a basket of goods and services that may be fixed or changed at specified intervals, such as yearly. The Laspeyres formula is generally used. Data are period averages.","International Monetary Fund, International Financial Statistics and data files.",Financial Sector: Exchange rates & prices,,Annual,2010,,"Consumer price indexes should be interpreted with caution. The definition of a household, the basket of goods, and the geographic (urban or rural) and income group coverage of consumer price surveys can vary widely by country. In addition, weights are derived from household expenditure surveys, which, for budgetary reasons, tend to be conducted infrequently in developing countries, impairing comparability over time. Although useful for measuring consumer price inflation within a country, consumer price indexes are of less value in comparing countries.",
SL.FAM.WORK.FE.ZS,CC BY-4.0,"Contributing family workers, female (% of female employment) (modeled ILO estimate)",Contributing family workers are those workers who hold "self-employment jobs" as own-account workers in a market-oriented establishment operated by a related person living in the same household.,"International Labour Organization, ILOSTAT database. Data retrieved in September 2018.",Social Protection & Labor: Economic activity,,Annual,,Weighted average,"Data are drawn from labor force surveys and household surveys, supplemented by official estimates and censuses for a small group of countries. Due to differences in definitions and coverage across countries, there are limitations for comparing data across countries and over time even within a country. Estimates of women in employment are not comparable internationally, reflecting that demographic, social, legal, and cultural trends and norms determine whether women's activities are regarded as economic.",Data up to 2016 are estimates while data from 2017 are projections.
SL.FAM.WORK.MA.ZS,CC BY-4.0,"Contributing family workers, male (% of male employment) (modeled ILO estimate)",Contributing family workers are those workers who hold "self-employment jobs" as own-account workers in a market-oriented establishment operated by a related person living in the same household.,"International Labour Organization, ILOSTAT database. Data retrieved in September 2018.",Social Protection & Labor: Economic activity,,Annual,,Weighted average,"Data are drawn from labor force surveys and household surveys, supplemented by official estimates and censuses for a small group of countries. Due to differences in definitions and coverage across countries, there are limitations for comparing data across countries and over time even within a country. Estimates of women in employment are not comparable internationally, reflecting that demographic, social, legal, and cultural trends and norms determine whether women's activities are regarded as economic.",Data up to 2016 are estimates while data from 2017 are projections.
IQ.CPA.GNDR.XQ,CC BY-4.0,CPIA gender equality rating (1=low to 6=high),"Gender equality assesses the extent to which the country has installed institutions and programs to enforce laws and policies that promote equal access for men and women in education, health, the economy, and protection under law.","World Bank Group, CPIA database (http://www.worldbank.org/ida).",Public Sector: Policy & institutions,,Annual,,Unweighted average,"The CPIA exercise is intended to capture the quality of a country's policies and institutional arrangements, focusing on key elements that are within the country's control, rather than on outcomes (such as economic growth rates) that are influenced by events beyond the country's control. More specifically, the CPIA measures the extent to which a country's policy and institutional framework supports sustainable growth and poverty reduction and, consequently, the effective use of development assistance.",
IQ.CPA.PROT.XQ,CC BY-4.0,CPIA social protection rating (1=low to 6=high),"Social protection and labor assess government policies in social protection and labor market regulations that reduce the risk of becoming poor, assist those who are poor to better manage further risks, and ensure a minimal level of welfare to all people.","World Bank Group, CPIA database (http://www.worldbank.org/ida).",Public Sector: Policy & institutions,,Annual,,Unweighted average,"The CPIA exercise is intended to capture the quality of a country's policies and institutional arrangements, focusing on key elements that are within the country's control, rather than on outcomes (such as economic growth rates) that are influenced by events beyond the country's control. More specifically, the CPIA measures the extent to which a country's policy and institutional framework supports sustainable growth and poverty reduction and, consequently, the effective use of development assistance.",
EG.USE.ELEC.KH.PC,Use and distribution of these data are subject to IEA terms and conditions.,Electric power consumption (kWh per capita),"Electric power consumption measures the production of power plants and combined heat and power plants less transmission, distribution, and transformation losses and own use by heat and power plants.","IEA Statistics © OECD/IEA 2014 (http://www.iea.org/stats/index.asp), subject to https://www.iea.org/t&c/termsandconditions/",Environment: Energy production & use,,Annual,,Weighted average,"Data on electric power production and consumption are collected from national energy agencies by the International Energy Agency (IEA) and adjusted by the IEA to meet international definitions. Data are reported as net consumption as opposed to gross consumption. Net consumption excludes the energy consumed by the generating units. For all countries except the United States, total electric power consumption is equal total net electricity generation plus electricity imports minus electricity exports minus electricity distribution losses.

The IEA makes these estimates in consultation with national statistical offices, oil companies, electric utilities, and national energy experts. The IEA occasionally revises its time series to reflect political changes, and energy statistics undergo continual changes in coverage or methodology as more detailed energy accounts become available. Breaks in series are therefore unavoidable.",Restricted use: Please contact the International Energy Agency for third-party use of these data.
IT.NET.BBND.P2,CC BY-4.0,Fixed broadband subscriptions (per 100 people),"Fixed broadband subscriptions refers to fixed subscriptions to high-speed access to the public Internet (a TCP/IP connection), at downstream speeds equal to, or greater than, 256 kbit/s. This includes cable modem, DSL, fiber-to-the-home/building, other fixed (wired)-broadband subscriptions, satellite broadband and terrestrial fixed wireless broadband. This total is measured irrespective of the method of payment. It excludes subscriptions that have access to data communications (including the Internet) via mobile-cellular networks. It should include fixed WiMAX and any other fixed wireless technologies. It includes both residential subscriptions and subscriptions for organizations.","International Telecommunication Union, World Telecommunication/ICT Development Report and database.",Infrastructure: Communications,,Annual,,Weighted average,"Data are collected by national statistics offices through household surveys. Because survey questions and definitions differ, the estimates may not be strictly comparable across countries.

Fixed broadband Internet includes cable modem, DSL, fibre and other fixed broadband technology (such as satellite broadband Internet, Ethernet LANs, fixed-wireless access, Wireless Local Area Network, WiMAX etc.). Subscribers with access to data communications (including the Internet) via mobile cellular networks are excluded.

Advertised and real speeds can differ substantially. In some countries, regulatory authorities monitor the speed and quality of broadband services and oblige operators to provide accurate quality-of-service information to end users. Regional and global totals are calculated as unweighted sums of the country values. Regional and global penetration rates (per 100 inhabitants) are weighted averages of the country values weighted by the population of the countries/regions.

Discrepancies between global and national figures may arise when countries use a different definition than the one used by ITU. Discrepancies may also arise in cases where the end of a fiscal year differs from that used by ITU, which is end of December of every year. A number of countries have fiscal years that end in March or June of every year.",Please cite the International Telecommunication Union for third-party use of these data.
NY.GDP.PCAP.KD,CC BY-4.0,GDP per capita (constant 2010 US$),GDP per capita is gross domestic product divided by midyear population. GDP is the sum of gross value added by all resident producers in the economy plus any product taxes and minus any subsidies not included in the value of the products. It is calculated without making deductions for depreciation of fabricated assets or for depletion and degradation of natural resources. Data are in constant 2010 U.S. dollars.,"World Bank national accounts data, and OECD National Accounts data files.",Economic Policy & Debt: National accounts: US$ at constant 2010 prices: Aggregate indicators,,Annual,2010,Weighted average,,
SI.POV.GINI,CC BY-4.0,GINI index (World Bank estimate),"Gini index measures the extent to which the distribution of income (or, in some cases, consumption expenditure) among individuals or households within an economy deviates from a perfectly equal distribution. A Lorenz curve plots the cumulative percentages of total income received against the cumulative number of recipients, starting with the poorest individual or household. The Gini index measures the area between the Lorenz curve and a hypothetical line of absolute equality, expressed as a percentage of the maximum area under the line. Thus a Gini index of 0 represents perfect equality, while an index of 100 implies perfect inequality.","World Bank, Development Research Group. Data are based on primary household survey data obtained from government statistical agencies and World Bank country departments. For more information and methodology, please see PovcalNet (http://iresearch.worldbank.org/PovcalNet/index.htm).",Poverty: Income distribution,%,Annual,,,"Gini coefficients are not unique. It is possible for two different Lorenz curves to give rise to the same Gini coefficient. Furthermore it is possible for the Gini coefficient of a developing country to rise (due to increasing inequality of income) while the number of people in absolute poverty decreases. This is because the Gini coefficient measures relative, not absolute, wealth.

Another limitation of the Gini coefficient is that it is not additive across groups, i.e. the total Gini of a society is not equal to the sum of the Gini's for its sub-groups. Thus, country-level Gini coefficients cannot be aggregated into regional or global Gini's, although a Gini coefficient can be computed for the aggregate.

Because the underlying household surveys differ in methods and types of welfare measures collected, data are not strictly comparable across countries or even across years within a country. Two sources of non-comparability should be noted for distributions of income in particular. First, the surveys can differ in many respects, including whether they use income or consumption expenditure as the living standard indicator. The distribution of income is typically more unequal than the distribution of consumption. In addition, the definitions of income used differ more often among surveys. Consumption is usually a much better welfare indicator, particularly in developing countries. Second, households differ in size (number of members) and in the extent of income sharing among members. And individuals differ in age and consumption needs. Differences among countries in these respects may bias comparisons of distribution. 

World Bank staff have made an effort to ensure that the data are as comparable as possible. Wherever possible, consumption has been used rather than income. Income distribution and Gini indexes for high-income economies are calculated directly from the Luxembourg Income Study database, using an estimation method consistent with that applied for developing countries.","The World Bank’s internationally comparable poverty monitoring database now draws on income or detailed consumption data from more than one thousand six hundred household surveys across 164 countries in six regions and 25 other high income countries (industrialized economies). While income distribution data are published for all countries with data available, poverty data are published for low- and middle-income countries and countries eligible to receive loans from the World Bank (such as Chile) and recently graduated countries (such as Estonia) only. See PovcalNet (http://iresearch.worldbank.org/PovcalNet/WhatIsNew.aspx) for definitions of geographical regions and industrialized countries."
SE.XPD.TOTL.GD.ZS,CC BY-4.0,"Government expenditure on education, total (% of GDP)","General government expenditure on education (current, capital, and transfers) is expressed as a percentage of GDP. It includes expenditure funded by transfers from international sources to government. General government usually refers to local, regional and central governments.","United Nations Educational, Scientific, and Cultural Organization (UNESCO) Institute for Statistics.",Education: Inputs,,Annual,,Median,Data may refer to spending by the ministry of education only (excluding spending on educational activities by other ministries).,
